Old path --> new path

/docs/new-financial-actions-report -->	/preview/new-financial-actions-report	301	
/payment-actions/pay-out-to-a-card -->	/card-payouts	301	
/payment-methods/cards/qpay -->	/payments/payment-methods/cards/qpay	301	
/docs/password-policy -->	/preview/password-policy	301	
/docs/migration-guide -->	/resources/migration-guide	301	
/docs/integrate-with-checkoutcom -->	/integrate	301	
/docs/dispute_resolved -->	/reporting-and-insights/webhooks/webhook-examples/dispute_resolved	301	
/quickstart/integrate/checkout-js/checkout-js-reference -->	/archive/checkout-js/checkout-js-reference	301	
/quickstart/integrate/e-commerce-platforms/salesforce-commerce-cloud/go-further-with-salesforce-commerce-cloud -->	/integrate/e-commerce-platforms/salesforce-commerce-cloud/go-further-with-salesforce-commerce-cloud	301	
/quickstart/integrate/e-commerce-platforms -->	/integrate/e-commerce-platforms	301	
/3d-secure-mobile-sdks -->	/four/risk-management/sessions/non-hosted-sessions/3d-secure-mobile-sdks	301	
/docs/additional-authentication-data-for-sessions-api -->	/preview/additional-authentication-data	301	
/preview/the-dashboard/get-started -->	/four/dashboard/get-started	301	
/docs/set-up-refresh-flex -->	/preview/vault/refresh-flex/set-up-refresh-flex	301	
/docs/3d-secure-payments -->	/risk-management/3d-secure	301	
/docs/fraud-codes -->	/resources/codes/fraud-codes	301	
/quickstart/use-an-existing-card/stored-card-details -->	/payments/accept-payments/stored-card-details	301	
/docs/go-further-with-magento-1 -->	/integrate/e-commerce-platforms/magento-1/go-further-with-magento-1	301	
/four/risk-management/requirements-for-financial-institutions -->	/four/payments/regulation-support/requirements-for-financial-institutions	301	
/docs/the-kit-reference -->	/archive/the-kit-reference	301	
/payment-methods/void-a-payment -->	/payments/manage-payments/void-a-payment	301	
/payment-methods/wallets/* -->	/payments/payment-methods/wallets	301	
/four/testing/bank-payout-testing -->	/four/testing/bank-payouts-testing	301	
/docs/postman-guide-for-the-reconciliation-api -->	/reporting-and-insights/reconciliation-api/postman-guide-for-the-reconciliation-api	301	
/four/pay-to-bank -->	/four/bank-payouts	301	
/docs/manage-payments -->	/the-hub/manage-payments	301	
/docs/manage-webhooks -->	/the-hub/manage-webhooks	301	
/docs/financial-actions-endpoint -->	/preview/financial-actions-endpoint	301	
/payments/accept-payments/stored-card-details -->	/payments/store-payment-details/requirements-for-stored-payment-details	301	
/docs/sender-data-for-payouts -->	/payment-actions/pay-out-to-a-card/sender-data-for-payouts	301	
/four/testing/bank-payout-testing -->	/four/testing/bank-payouts-testing	301	
/docs/draft-sender-data-for-payouts -->	/preview/sender-data-for-payouts	301	
/docs/the-hub-at-a-glance -->	/the-hub/the-hub-at-a-glance	301	
/docs/changelog -->	/resources/changelog	301	
/quickstart/integrate/e-commerce-platforms/shopify -->	/integrate/e-commerce-platforms/shopify	301	
/docs/testing -->	/testing	301	
/docs/capture-a-bambora-payment -->	/preview/capture-a-bambora-payment	301	
/docs/payment-captured -->	/reporting-and-insights/webhooks/webhook-examples/payment_captured	301	
/payment-methods -->	/payments/payment-methods	301	
/docs/vnext-alpha -->	/preview/vnext-alpha	301	
/payment-methods/cards/knet -->	/payments/payment-methods/cards/knet	301	
/docs/getting-started	https://archive.docs.checkout.com	301	
/docs/merchant-category-codes -->	/resources/codes/merchant-category-codes	301	
/docs/reconciliation-api-faq -->	/reporting-and-insights/reconciliation-api/reconciliation-faq	301	
/payment-actions/card-payouts -->	/card-payouts	301	
/docs/vault-exchange -->	/preview/vault/vault-exchange	301	
/quickstart/integrate/e-commerce-platforms/woocommerce -->	/integrate/e-commerce-platforms/woocommerce	301	
/quickstart/integrate/frames-for-android -->	/integrate/frames-for-android	301	
/docs/checkoutjs -->	/archive/checkout-js	301	
/docs/request-a-card-payment -->	/quickstart/request-a-card-payment	301	
/payment-methods/cash-and-atm-payment/* -->	/payments/payment-methods/cash-and-atm-payment		301	
/docs/payment-paid -->	/reporting-and-insights/webhooks/webhook-examples/payment_paid	301	
/docs/configuring-risk-settings -->	/archive/configuring-risk-settings	301	
/docs/statements-explained -->	/reporting-and-insights/statements-explained	301	
/docs/payment-canceled -->	/reporting-and-insights/webhooks/webhook-examples/payment_canceled	301	
/payment-actions/card-payouts -->	/card-payouts	301	
/quickstart/request-a-card-payment -->	/payments/accept-payments/request-a-card-payment	301	
/preview/the-dashboard/the-dashboard-at-a-glance -->	/four/dashboard/the-dashboard-at-a-glance	301	
/preview/the-dashboard/track-and-manage-payments -->	/four/dashboard/track-and-manage-payments	301	
/quickstart/integrate/* -->	/integrate		301	
/docs/ach -->	/payment-methods/direct-debit/ach	301	
/payment-methods/direct-debit/sepa-direct-debit -->	/payments/payment-methods/direct-debit/sepa-direct-debit	301	
/preview/the-dashboard -->	/four/dashboard	301	
/quickstart/integrate/frames/frames-customization-guide -->	/integrate/frames/frames-customization-guide	301	
/payment-methods/cards/dlocal -->	/payments/payment-methods/cards/dlocal	301	
/docs/via-baloto -->	/payment-methods/cash-and-atm-payment/via-baloto	301	
/docs/frames-for-android-reference -->	/quickstart/integrate/frames-for-android/frames-for-android-reference	301	
/docs/checkoutjs-reference -->	/archive/checkout-js/checkout-js-reference	301	
/payment-actions/account-funding-transactions -->	/payments/manage-payments/account-funding-transactions	301	
/docs/multibanco -->	/payments/payment-methods/cash-and-atm-payment/multibanco	301	
/docs/fawry -->	/payment-methods/cash-and-atm-payment/fawry	301	
/preview/the-dashboard/track-and-manage-payments/filter-payments -->	/four/dashboard/track-and-manage-payments/filter-payments	301	
/docs/refresh-flex -->	/preview/vault/refresh-flex	301	
/docs/file-uploader -->	/risk-management/disputes/file-uploader	301	
/docs/file-encryption -->	/archive/file-encryption	301	
/docs/card-verified -->	/reporting-and-insights/webhooks/webhook-examples/card_verified	301	
/reporting-and-insights/webhooks/webhook-examples/source-updated -->	/reporting-and-insights/webhooks/webhook-examples/source_updated	301	
/docs/payment-methods -->	/payment-methods	301	
/payment-methods/network-tokens -->	/payments/payment-methods/network-tokens	301	
/payment-methods/invoice-and-pay-later/klarna -->	/payments/payment-methods/invoice-and-pay-later/klarna	301	
/docs/rapipago -->	/payment-methods/cash-and-atm-payment/rapipago	301	
/docs/dlocal -->	/payment-methods/cards/dlocal	301	
/docs/direct-debit -->	/payment-methods/direct-debit	301	
/nas -->	/four	301	
/docs/dispute_evidence_required -->	/reporting-and-insights/webhooks/webhook-examples/dispute_evidence_required	301	
/preview/the-dashboard/generate-reports -->	/four/dashboard/generate-reports	301	
/four/payments/refund-a-payment -->	/four/payments/manage-payments/refund-a-payment	301	
/docs/draft-pay-out-to-a-card -->	/preview/pay-out-to-a-card	301	
/four/payments/authorize-a-payment -->	/four/payments/accept-payments/authorize-a-payment	301	
/four/resources/access-key-authentication -->	/four/resources/api-authentication/oauth-2-0-client-credentials	301	
/docs/sourceupdated -->	/reporting-and-insights/webhooks/webhook-examples/source-updated	301	
/docs/enhanced-authorizations-in-the-unified-payments-api -->	/preview/enhanced-authorizations-in-the-unified-payments-api	301	
/docs/codes -->	/resources/codes	301	
/quickstart/integrate/e-commerce-platforms/prestashop -->	/integrate/e-commerce-platforms/prestashop	301	
/quickstart/integrate/e-commerce-platforms/salesforce-commerce-cloud/go-further-with-salesforce-commerce-cloud -->	/integrate/e-commerce-platforms/salesforce-commerce-cloud/go-further-with-salesforce-commerce-cloud	301	
/docs/payment-capture-declined -->	/reporting-and-insights/webhooks/webhook-examples/payment_capture_declined	301	
/quickstart/integrate/e-commerce-platforms/magento-2 -->	/integrate/e-commerce-platforms/magento-2	301	
/docs/statements-endpoint -->	/reporting-and-insights/reconciliation-api/statements-endpoint	301	
/four/payments/get-payment-details -->	/four/payments/manage-payments/get-payment-details	301	
/docs/3ds2-data-elements -->	/preview/3d-secure-2-0-data-elements	301	
/docs/bancontact -->	/payments/payment-methods/cards/bancontact	301	
/docs/payment-void-declined -->	/reporting-and-insights/webhooks/webhook-examples/payment_void_declined	301	
/docs/novi-vault-sandbox -->	/preview/novi/vault-sandbox	301	
/docs/go-further-with-salesforce-commerce-cloud -->	/preview/go-further-with-salesforce-commerce-cloud	301	
/payment-methods/get-payment-details -->	/payments/manage-payments/get-payment-details	301	
/four/bank-payouts/create-a-payment-instrument -->	/four/payments/store-payment-details/payment-instruments	301	
/docs/pay-out-to-bank -->	/preview/pay-out-to-a-bank	301	
/docs/webhooks -->	/reporting-and-insights/webhooks	301	
/docs/risk-management -->	/risk-management	301	
/docs/override-processing-data -->	/preview/override-processing-data	301	
/payment-methods/invoice-and-pay-later -->	/payments/payment-methods/invoice-and-pay-later	301	
/docs/payouts-report -->	/preview/payouts-report	301	
/docs/payment-refund-declined -->	/reporting-and-insights/webhooks/webhook-examples/payment_refund_declined	301	
/docs/checkoutjs-customization-guide -->	/archive/checkout-js/checkout-js-customization-guide	301	
/quickstart/integrate/full-card-details-api -->	/integrate/full-card-details-api	301	
/payment-methods/capture-a-payment -->	/payments/manage-payments/capture-a-payment	301	
/docs/use-an-existing-customer -->	/preview/use-an-existing-customer	301	
/docs/calculating-the-value -->	/resources/calculating-the-value	301	
/payment-methods/cash-and-atm-payment -->	/payments/payment-methods/cash-and-atm-payment	301	
/four/pay-to-bank -->	/four/bank-payouts	301	
/four/payments/request-a-payment -->	/four/payments/accept-payments/request-a-payment	301	
/payment-methods/refund-a-payment -->	/payments/manage-payments/refund-a-payment	301	
/quickstart/use-an-existing-card -->	/payments/accept-payments/stored-card-details/use-an-existing-card	301	
/docs/payment-refunded -->	/reporting-and-insights/webhooks/webhook-examples/payment_refunded	301	
/docs/generate-reports -->	/the-hub/generate-reports	301	
/docs/token-migration-guide -->	/resources/token-migration-guide	301	
/payment-methods/cards -->	/payments/payment-methods/cards	301	
/four/payments/void-a-payment -->	/four/payments/manage-payments/void-a-payment	301	
/docs/payment-retrieval -->	/reporting-and-insights/webhooks/webhook-examples/payment_retrieval	301	
/payment-actions -->	/payments/manage-payments	301	
/docs/integrate-the-kit -->	/archive/integrate-the-kit	301	
/four/payments/use-saved-card-details -->	/four/payments/accept-payments/use-saved-card-details	301	
/quickstart/integrate/hosted-payments-page -->	/integrate/hosted-payments-page	301	
/docs/dynamic-billing-descriptor -->	/resources/dynamic-billing-descriptor	301	
/docs/country-codes -->	/resources/codes/country-codes	301	
/docs/response-codes -->	/resources/codes/response-codes	301	
/docs/draft-make-payments-with-a-saved-card -->	/preview/make-payments-with-a-saved-card	301	
/sessions-api/non-hosted-sessions -->	/preview/sessions-api/non-hosted-sessions	301	
/payment-methods/bank-transfers -->	/payments/payment-methods/bank-transfers	301	
/docs/frames -->	/integrate/frames	301	
/docs/currency-codes -->	/resources/codes/currency-codes	301	
/quickstart/ -->	/integrate/	301	
/docs/error-codes -->	/resources/codes/error-codes	301	
/docs/get-started -->	/the-hub/get-started	301	
/four/workflows/manage-webhooks -->	/four/workflows/manage-workflows	301	
/docs/update-your-hub-settings -->	/the-hub/update-your-hub-settings	301	
/docs/invoice -->	/preview/monthly-invoice	301	
/payment-methods/retry-a-payment -->	/payments/manage-payments/retry-a-payment	301	
/docs/pci-compliance -->	/risk-management/pci-compliance	301	
/quickstart/integrate/e-commerce-platforms/salesforce-commerce-cloud -->	/integrate/e-commerce-platforms/salesforce-commerce-cloud	301	
/four/payments/get-payment-actions -->	/four/payments/manage-payments/get-payment-actions	301	
/docs/cvv-check -->	/risk-management/cvv-check	301	
/quickstart/integrate/ -->	/integrate	301	
/docs/3ds2-api-integration -->	/risk-management/3d-secure/3d-secure-2-0-api-integration	301	
/docs/dispute_expired -->	/reporting-and-insights/webhooks/webhook-examples/dispute_expired	301	
/payment-methods/direct-debit/* -->	/payments/payment-methods/direct-debit		301	
/docs/klarna -->	/payments/payment-methods/invoice-and-pay-later/klarna	301	
/docs/payment-declined -->	/reporting-and-insights/webhooks/webhook-examples/payment_declined	301	
/four/testing/bank-payout-testing -->	/four/testing/bank-payouts-testing	301	
/preview/the-dashboard/get-started/initial-client-okta-setup -->	/four/dashboard/get-started/initial-client-okta-setup	301	
/docs/refresh-auto -->	/preview/vault/refresh-auto	301	
/quickstart/integrate/sdks -->	/integrate/sdks	301	
/payment-methods/direct-debit -->	/payments/payment-methods/direct-debit	301	
/docs/card-verification -->	/risk-management/card-verification	301	
/docs/avs-codes -->	/resources/codes/avs-codes	301	
/docs/requirements-for-financial-institutions -->	/risk-management/requirements-for-financial-institutions	301	
/quickstart/integrate/* -->	/integrate		301	
/payment-methods/get-payment-actions -->	/payments/manage-payments/get-payment-actions	301	
/docs/declined-do-not-honour -->	/resources/codes/response-codes/declined-do-not-honour	301	
/docs/payment-chargeback -->	/reporting-and-insights/webhooks/webhook-examples/payment_chargeback	301	
/quickstart/integrate/payment-links -->	/integrate/payment-links	301	
/docs/multiple-partial-captures-in-the-unified-payments-api -->	/preview/multiple-partial-captures-in-the-unified-payments-api	301	
/quickstart/integrate/* -->	/integrate/*		301	
/quickstart/integrate/frames -->	/integrate/frames	301	
/docs/api-usage -->	/	301	
/docs/dispute_lost -->	/reporting-and-insights/webhooks/webhook-examples/dispute_lost	301	
/preview/the-dashboard/manage-disputes -->	/four/dashboard/manage-disputes	301	
/payment-methods/wallets -->	/payments/payment-methods/wallets	301	
/preview/payouts -->	/pay-to-bank	301	
/docs/access-key-authentication -->	/preview/access-key-authentication	301	
/preview/draft-marketplaces-landing -->	/preview/marketplace-landing-page	301	
/docs/payments-endpoint -->	/reporting-and-insights/reconciliation-api/payments-endpoint	301	
/sessions-api -->	/preview/sessions-api	301	
/docs/card-parameter-full-card -->	/archive/source-card-object-full-card-details	301	
/docs/event-types -->	/reporting-and-insights/events-api/event-types	301	
/quickstart/integrate/frames/frames-migration-guide -->	/integrate/frames/frames-migration-guide	301	
/four/payments/use-saved-card-details/about-stored-card-details -->	/four/payments/accept-payments/use-saved-card-details/about-stored-card-details	301	
/docs/flagged-payments -->	/risk-management/flagged-payments	301	
/docs/card-verification-declined -->	/reporting-and-insights/webhooks/webhook-examples/card_verification_declined	301	
/quickstart/integrate/e-commerce-platforms/woocommerce/go-further-with-woocommerce -->	/integrate/e-commerce-platforms/woocommerce/go-further-with-woocommerce	301	
/docs/payment-refund-pending -->	/reporting-and-insights/webhooks/webhook-examples/payment_refund_pending	301	
/docs/3d-secure-payments-with-a-third-party-provider -->	/risk-management/3d-secure/3d-secure-payments-with-a-third-party-provider	301	
/payment-methods/wallets/.* -->	/payments/payment-methods/wallets	Regular Expression	301	
/preview/the-dashboard/analytics -->	/four/dashboard/analytics	301	
/docs/the-hub -->	/the-hub	301	
/docs/3d-secure-1 -->	/archive/3d-secure-1-0	301	
/docs/manage-disputes -->	/the-hub/manage-disputes	301	
/docs/payment-voided -->	/reporting-and-insights/webhooks/webhook-examples/payment_voided	301	
/docs/payment-declined-card-payouts -->	/reporting-and-insights/webhooks/webhook-examples/payment_declined-card-payouts	301	
/payment-methods/invoice-and-pay-later/* -->	/payments/payment-methods/invoice-and-pay-later		301	
/docs/pay-out-to-a-card-synchronous -->	/archive/pay-out-to-a-card-synchronous-flow	301	
/docs/draft-security -->	/preview/draft-security-at-checkout-com	301	
/docs/payment-expired -->	/reporting-and-insights/webhooks/webhook-examples/payment_expired	301	
/docs/about-payment-actions -->	/the-hub/manage-payments/about-payment-actions	301	
https://docs.checkout.com/pay-to-bank -->	/four/pay-to-bank	301	
/payment-methods/cards/mada -->	/payments/payment-methods/cards/mada	301	
/docs/view-statements -->	/the-hub/view-statements	301	
/docs/chargeback-codes -->	/resources/codes/chargeback-codes	301	
/docs/submission-form -->	/preview/draft-bug-submission-form	301	
/docs/sdks -->	/integrate/sdks	301	
/payment-methods/cards/bancontact -->	/payments/payment-methods/cards/bancontact	301	
/quickstart/integrate -->	/integrate	301	
/card-payouts/sender-data-for-payouts -->	/card-payouts/sender-data-for-card-payouts	301	
/docs/dispute_won -->	/reporting-and-insights/webhooks/webhook-examples/dispute_won	301	
/quickstart/integrate/hosted-payments -->	/quickstart/integrate/hosted-payments-page	301	
/docs/events-api -->	/reporting-and-insights/events-api	301	
/docs/google-pay -->	/payments/payment-methods/wallets/google-pay	301	
/payment-methods/bank-transfers/* -->	/payments/payment-methods/bank-transfers		301	
/docs/migration-faq -->	/resources/migration-guide/migration-faq	301	
/docs/cvv-codes -->	/resources/codes/cvv-response-codes	301	
/docs/go-further-with-prestashop -->	/quickstart/integrate/e-commerce-platforms/prestashop/go-further-with-prestashop	301	
/four/risk-management/pci-compliance -->	/four/payments/regulation-support/pci-compliance	301	
/docs/qpay -->	/payment-methods/cards/qpay	301	
/docs/reporting-and-insights -->	/reporting-and-insights	301	
/quickstart/integrate/e-commerce-platforms/prestashop/go-further-with-prestashop -->	/integrate/e-commerce-platforms/prestashop/go-further-with-prestashop	301	
/quickstart/integrate/frames-for-android/customization-guide -->	/integrate/frames-for-android/customization-guide	301	
/preview/the-dashboard/get-started/final-client-okta-setup-and-testing -->	/four/dashboard/get-started/final-client-okta-setup-and-testing	301	
/payment-methods/ -->	/payments/payment-methods		301	
/docs/whats-the-hub -->	/the-hub	301	
/docs/reconciliation-api -->	/reporting-and-insights/reconciliation-api	301	
/quickstart/integrate/* -->	/integrate		301	
/quickstart/integrate/e-commerce-platforms/magento-1-end-of-life -->	/integrate/e-commerce-platforms/magento-1-end-of-life	301	
/payment-methods/cards/* -->	/payments/payment-methods/cards		301	
/docs/sessions-api -->	/sessions-api	301	
/quickstart -->	/integrate	301	
/docs/sample-invoice -->	/preview/sample-invoice	301	
/docs/oxxo -->	/payments/payment-methods/cash-and-atm-payment/oxxo	301	
/docs/frames-v1-customization-guide -->	/archive/frames-v1/frames-v1-customization-guide	301	
/docs/magento-2-storefront-integration -->	/quickstart/integrate/e-commerce-platforms/magento-2/magento-2-storefront-integration	301	
/docs/boleto-bancario -->	/payment-methods/cash-and-atm-payment/boleto-bancario	301	
/docs/sale-payments-in-the-unified-payments-api -->	/preview/sale-payments-in-the-unified-payments-api	301	
/quickstart/integrate/checkout-js -->	/archive/checkout-js	301	
/docs/payment-pending -->	/reporting-and-insights/webhooks/webhook-examples/payment_pending	301	
/docs/retry-a-payment -->	/payment-actions/retry-a-payment	301	
/docs/payment_retrieval -->	/reporting-and-insights/webhooks/webhook-examples/payment_retrieval	301	
/docs/poli -->	/payment-methods/bank-transfers/poli	301	
/docs/payment-capture-pending -->	/reporting-and-insights/webhooks/webhook-examples/payment_capture_pending	301	
/payment-methods/wallets/benefitpay -->	/payments/payment-methods/wallets/benefitpay	301	
/docs/risk-engine-settings -->	/risk-management/risk-engine-settings	301	
/docs/balance-report -->	/preview/balance-report	301	
/preview/novi-vault-sandbox -->	/preview/novi/vault-sandbox	301	
/quickstart/integrate/checkout-js/checkout-js-customization-guide -->	/archive/checkout-js/checkout-js-customization-guide	301	
/payment-methods/bank-transfers/* -->	/payments/payment-methods/bank-transfers		301	
/docs/frames-v1 -->	/archive/frames-v1	301	
/docs/about-the-exchange-fx-rate -->	/preview/about-the-exchange-fx-rate	301	
/docs/foreign-exchange-api -->	/preview/foreign-exchange-api	301	
/four/payments/capture-a-payment -->	/four/payments/manage-payments/capture-a-payment	301	
/docs/dispute_canceled -->	/reporting-and-insights/webhooks/webhook-examples/dispute_canceled	301	
/quickstart/integrate/e-commerce-platforms/magento-2/storefront-integration -->	/integrate/e-commerce-platforms/magento-2/storefront-integration	301	
/docs/webhook-management -->	/reporting-and-insights/webhooks/webhook-management	301	
/docs/apple-pay -->	/payments/payment-methods/wallets/apple-pay	301	
/docs/frames-v1-reference -->	/archive/frames-v1/frames-v1-reference	301	
/docs/disputes-api -->	/risk-management/disputes/disputes-api	301	
/docs -->	/	301	
/sessions-api/hosted-sessions -->	/preview/sessions-api/hosted-sessions	301	
